INSERT INTO users (id, user_name, email, password, full_name, email_confirmed, creation_date, update_date)
VALUES ('00000001-0000-0000-0000-00000000user', 'testUser', 'testUser@email.em', '{bcrypt}$2a$10$pGU6idGIsvDdDUukCxNvduBL5ST2wwlDBcoPrh9z5YfpZUcU/mAey', 'Test User',
        true, '2021-10-23 22:13:37', '2021-10-19 22:13:37'),
       ('00000002-0000-0000-0000-00000000user', 'testUser1', 'testUser1@email.em', '{bcrypt}$2a$10$pGU6idGIsvDdDUukCxNvduBL5ST2wwlDBcoPrh9z5YfpZUcU/mAey', 'Test1 User',
        true, '2021-10-23 22:13:37', '2021-10-23 23:13:37'),
       ('00000003-0000-0000-0000-00000000user', 'testUser2', 'testUser2@emoail.em', '{bcrypt}$2a$10$pGU6idGIsvDdDUukCxNvduBL5ST2wwlDBcoPrh9z5YfpZUcU/mAey', 'Test2 User',
        true, '2021-10-23 22:13:37', '2021-10-24 00:13:37'),
       ('00000004-0000-0000-0000-00000000user', 'testUser3', 'testUser3@email.em', '{bcrypt}$2a$10$pGU6idGIsvDdDUukCxNvduBL5ST2wwlDBcoPrh9z5YfpZUcU/mAey', 'Test3 User',
        true, '2021-10-23 22:13:37', '2021-10-25 01:13:37'),
       ('00000005-0000-0000-0000-00000000user', 'testUser4', 'testUser4@email.em', '{bcrypt}$2a$10$pGU6idGIsvDdDUukCxNvduBL5ST2wwlDBcoPrh9z5YfpZUcU/mAey', 'Test4 User',
        true, '2021-10-23 22:13:37', '2021-10-26 02:13:37'),
       ('00000006-0000-0000-0000-00000000user', 'testUser5', 'testUser5@email.em', '{bcrypt}$2a$10$pGU6idGIsvDdDUukCxNvduBL5ST2wwlDBcoPrh9z5YfpZUcU/mAey', 'Test5 User',
        true, '2021-10-23 22:13:37', '2021-10-27 03:13:37'),
       ('00000007-0000-0000-0000-00000000user', 'testUser6', 'testUser6@email.em', '{bcrypt}$2a$10$pGU6idGIsvDdDUukCxNvduBL5ST2wwlDBcoPrh9z5YfpZUcU/mAey', 'Test6 User',
        true, '2021-10-23 22:13:37', '2021-10-28 04:13:37'),
       ('00000008-0000-0000-0000-00000000user', 'testUser7', 'testUser7@email.em', '{bcrypt}$2a$10$pGU6idGIsvDdDUukCxNvduBL5ST2wwlDBcoPrh9z5YfpZUcU/mAey', 'Test7 User',
        true, '2021-10-23 22:13:37', '2021-10-29 05:13:37'),
       ('00000009-0000-0000-0000-00000000user', 'testUser8', 'testUser8@email.em', '{bcrypt}$2a$10$pGU6idGIsvDdDUukCxNvduBL5ST2wwlDBcoPrh9z5YfpZUcU/mAey', 'Test8 User',
        true, '2021-10-23 22:13:37', '2021-10-30 06:13:37'),
       ('00000010-0000-0000-0000-00000000user', 'testUser9', 'testUser9@email.em', '{bcrypt}$2a$10$pGU6idGIsvDdDUukCxNvduBL5ST2wwlDBcoPrh9z5YfpZUcU/mAey', 'Test9 User',
        false, '2021-10-23 22:13:37', '2021-10-22 07:13:37'),
       ('00000011-0000-0000-0000-00000000user', 'testUser10', 'testUser10@email.em', '{bcrypt}$2a$10$pGU6idGIsvDdDUukCxNvduBL5ST2wwlDBcoPrh9z5YfpZUcU/mAey', 'Test10 User',
        false, '2021-10-23 22:13:37', '2021-10-21 08:13:37'),
       ('00000012-0000-0000-0000-00000000user', 'testUser11', 'testUser11@email.em', '{bcrypt}$2a$10$pGU6idGIsvDdDUukCxNvduBL5ST2wwlDBcoPrh9z5YfpZUcU/mAey', 'Test11 User',
        false, '2021-10-23 22:13:37', '2021-10-20 09:13:37');

INSERT INTO email_confirmations (id, user_id, creation_date, update_date)
VALUES ('00000001-0000-0000-0000-000emailconf', '00000010-0000-0000-0000-00000000user', '2023-04-23 22:13:37', NULL),
       ('00000002-0000-0000-0000-000emailconf', '00000011-0000-0000-0000-00000000user', '2025-04-23 22:13:37', NULL),
       ('00000003-0000-0000-0000-000emailconf', '00000012-0000-0000-0000-00000000user', '2023-03-21 22:13:37', '2025-03-21 22:13:37');

INSERT INTO web_resource (id, parent_id, url, resource_type, creation_date, update_date)
VALUES ('00000001-0000-0000-0000-0webresource', NULL, 'https://www.google.com', 'SITE', '2022-10-25 22:13:37', NULL),
('00000002-0000-0000-0000-0webresource', '00000001-0000-0000-0000-0webresource', 'https://www.google.com', 'PAGE', '2022-10-26 22:13:37', NULL),
('00000003-0000-0000-0000-0webresource', NULL, 'https://github.com', 'SITE', '2022-10-25 22:13:37', NULL),
('00000004-0000-0000-0000-0webresource', '00000003-0000-0000-0000-0webresource', 'https://github.com/POSTAL5532?tab=repositories', 'PAGE', '2022-10-25 22:13:37', NULL),
('00000005-0000-0000-0000-0webresource', '00000003-0000-0000-0000-0webresource', 'https://github.com/POSTAL5532?tab=projects', 'PAGE', '2022-10-26 22:13:37', NULL);

INSERT INTO reviews (id, user_id, resource_id, review_id, rating, text, creation_date, update_date)
VALUES ('00000001-0000-0000-0000-000000review', '00000002-0000-0000-0000-00000000user',
        '00000001-0000-0000-0000-0webresource', NULL, 4,
        'Lorem Ipsum is simply dummy text of the printing and typesetting industry.!',
        '2022-10-26 23:15:37', NULL),
       ('00000002-0000-0000-0000-000000review', '00000003-0000-0000-0000-00000000user',
        '00000001-0000-0000-0000-0webresource', NULL, 1,
        'Lorem Ipsum has been the industry''s standard dummy text ever since the 1500s!',
        '2022-10-27 00:15:37', '2022-10-27 23:20:37'),
       ('00000003-0000-0000-0000-000000review', '00000001-0000-0000-0000-00000000user',
        '00000002-0000-0000-0000-0webresource',
        NULL, 3, 'Woooooow!', '2022-10-25 23:15:37', NULL),
       ('00000004-0000-0000-0000-000000review', '00000004-0000-0000-0000-00000000user',
        '00000002-0000-0000-0000-0webresource', NULL, 2,
        'when an unknown printer took a galley of type and scrambled it to make a type specimen book.!',
        '2022-10-28 01:15:37', NULL),
       ('00000005-0000-0000-0000-000000review', '00000005-0000-0000-0000-00000000user',
        '00000003-0000-0000-0000-0webresource', NULL, 4,
        'It has survived not only five centuries, but also the leap into electronic!',
        '2022-10-29 02:15:37', NULL),
       ('00000006-0000-0000-0000-000000review', '00000006-0000-0000-0000-00000000user',
        '00000004-0000-0000-0000-0webresource', NULL, 4,
        'typesetting, remaining essentially unchanged. It was popularised in the 1960s with!',
        '2022-10-30 03:15:37', '2022-10-30 23:17:37'),
       ('00000007-0000-0000-0000-000000review', '00000007-0000-0000-0000-00000000user',
        '00000004-0000-0000-0000-0webresource', NULL, 3,
        'the release of Letraset sheets containing Lorem Ipsum passages, and more recently with desktop publishing!',
        '2022-11-01 04:15:37', NULL),
       ('00000008-0000-0000-0000-000000review', '00000008-0000-0000-0000-00000000user',
        '00000005-0000-0000-0000-0webresource', NULL, 1,
        'software like Aldus PageMaker including versions of Lorem Ipsum.!',
        '2022-11-02 05:15:37', NULL),
       ('00000009-0000-0000-0000-000000review', '00000009-0000-0000-0000-00000000user',
        '00000005-0000-0000-0000-0webresource', NULL, 3,
        'Contrary to popular belief, Lorem Ipsum is not simply random text. It has roots in a!',
        '2022-11-03 06:15:37', '2022-11-03 23:31:37'),
       ('00000010-0000-0000-0000-000000review', '00000010-0000-0000-0000-00000000user',
        '00000002-0000-0000-0000-0webresource', NULL, 2,
        'piece of classical Latin literature from 45 BC, making it over 2000 years old.!',
        '2022-11-04 07:15:37', NULL),
       ('00000011-0000-0000-0000-000000review', '00000011-0000-0000-0000-00000000user',
        '00000002-0000-0000-0000-0webresource', NULL, 4,
        'Richard McClintock, a Latin professor at Hampden-Sydney College in Virginia, looked up one of!',
        '2022-11-05 08:15:37', NULL),
       ('00000012-0000-0000-0000-000000review', '00000012-0000-0000-0000-00000000user',
        '00000005-0000-0000-0000-0webresource', NULL, 4,
        'the more obscure Latin words, consectetur, from a Lorem Ipsum passage, and going through the cites of the!',
        '2022-11-06 09:15:37', NULL),
       ('00000013-0000-0000-0000-000000review', '00000012-0000-0000-0000-00000000user',
        '00000004-0000-0000-0000-0webresource', NULL, 4,
        'Sed ut perspiciatis unde omnis iste natus error sit voluptatem accusantium doloremque laudantium, totam rem!',
        '2022-11-07 10:15:37', NULL),
       ('00000014-0000-0000-0000-000000review', '00000011-0000-0000-0000-00000000user',
        '00000002-0000-0000-0000-0webresource', NULL, 4,
        'Nemo enim ipsam voluptatem quia voluptas sit aspernatur aut odit aut fugit, sed quia consequuntur magni dolores.',
        '2022-11-08 11:15:37', NULL);

INSERT INTO reviews_likes (id, user_id, review_id, positive, creation_date, update_date)
VALUES ('00000001-0000-0000-0000-00reviewlike', '00000001-0000-0000-0000-00000000user',
        '00000001-0000-0000-0000-000000review', true, '2022-11-03 23:15:37', '2022-11-03 23:31:37'),
       ('00000002-0000-0000-0000-00reviewlike', '00000002-0000-0000-0000-00000000user',
        '00000002-0000-0000-0000-000000review', true, '2022-11-03 23:15:37', '2022-11-03 23:31:37'),
       ('00000003-0000-0000-0000-00reviewlike', '00000003-0000-0000-0000-00000000user',
        '00000003-0000-0000-0000-000000review', false, '2022-11-03 23:15:37', '2022-11-03 23:31:37'),
       ('00000004-0000-0000-0000-00reviewlike', '00000003-0000-0000-0000-00000000user',
        '00000004-0000-0000-0000-000000review', false, '2022-11-03 23:15:37', '2022-11-03 23:31:37');
