INSERT INTO users (id, user_name, email, password, full_name, avatar_file_name, email_confirmed, creation_date)
VALUES
    ('00000000-0000-0000-user-000000000001', 'user1', 'user1@example.com', '{bcrypt}$2a$10$bbE3qCErjDczpwbvOqNTQ.Uvm4/07shdE7zZodaddDX6dbmfD6uSS', 'Igor Shcherbachenya', 'user_avatar_00000000-0000-0000-user-000000000001_c6f8d918-c445-4b85-85c6-30652bc60445.jpeg', true, '2023-11-04 12:34:56'),
    ('00000000-0000-0000-user-000000000002', 'user2', 'user2@example.com', '{bcrypt}$2a$10$bbE3qCErjDczpwbvOqNTQ.Uvm4/07shdE7zZodaddDX6dbmfD6uSS', 'Jane Doe', 'default_avatar.png', true, '2023-11-04 12:45:00'),
    ('00000000-0000-0000-user-000000000003', 'user3', 'user3@example.com', '{bcrypt}$2a$10$bbE3qCErjDczpwbvOqNTQ.Uvm4/07shdE7zZodaddDX6dbmfD6uSS', 'Bob Smith', 'default_avatar.png', true, '2023-11-04 13:00:15'),
    ('00000000-0000-0000-user-000000000004', 'user4', 'user4@example.com', '{bcrypt}$2a$10$bbE3qCErjDczpwbvOqNTQ.Uvm4/07shdE7zZodaddDX6dbmfD6uSS', 'Mary Johnson', 'default_avatar.png', true, '2023-11-04 14:15:30'),
    ('00000000-0000-0000-user-000000000005', 'user5', 'user5@example.com', '{bcrypt}$2a$10$bbE3qCErjDczpwbvOqNTQ.Uvm4/07shdE7zZodaddDX6dbmfD6uSS', 'Chris Williams', 'default_avatar.png', true, '2023-11-04 14:30:45'),
    ('00000000-0000-0000-user-000000000006', 'user6', 'user6@example.com', '{bcrypt}$2a$10$bbE3qCErjDczpwbvOqNTQ.Uvm4/07shdE7zZodaddDX6dbmfD6uSS', 'Sarah Davis', 'default_avatar.png', true, '2023-11-04 14:45:00'),
    ('00000000-0000-0000-user-000000000007', 'user7', 'user7@example.com', '{bcrypt}$2a$10$bbE3qCErjDczpwbvOqNTQ.Uvm4/07shdE7zZodaddDX6dbmfD6uSS', 'Michael Brown', 'default_avatar.png', true, '2023-11-04 15:00:15'),
    ('00000000-0000-0000-user-000000000008', 'user8', 'user8@example.com', '{bcrypt}$2a$10$bbE3qCErjDczpwbvOqNTQ.Uvm4/07shdE7zZodaddDX6dbmfD6uSS', 'Jessica Lee', 'default_avatar.png', true, '2023-11-04 15:15:30'),
    ('00000000-0000-0000-user-000000000009', 'user9', 'user9@example.com', '{bcrypt}$2a$10$bbE3qCErjDczpwbvOqNTQ.Uvm4/07shdE7zZodaddDX6dbmfD6uSS', 'David Taylor', 'default_avatar.png', true, '2023-11-04 15:30:45'),
    ('00000000-0000-0000-user-000000000010', 'user10', 'user10@example.com', '{bcrypt}$2a$10$bbE3qCErjDczpwbvOqNTQ.Uvm4/07shdE7zZodaddDX6dbmfD6uSS', 'Jennifer Smith', 'default_avatar.png', true, '2023-11-04 15:45:00'),
    ('00000000-0000-0000-user-000000000011', 'user11', 'user11@example.com', '{bcrypt}$2a$10$bbE3qCErjDczpwbvOqNTQ.Uvm4/07shdE7zZodaddDX6dbmfD6uSS', 'Brian Johnson', 'default_avatar.png', true, '2023-11-04 16:00:15'),
    ('00000000-0000-0000-user-000000000012', 'user12', 'user12@example.com', '{bcrypt}$2a$10$bbE3qCErjDczpwbvOqNTQ.Uvm4/07shdE7zZodaddDX6dbmfD6uSS', 'Laura Davis', 'default_avatar.png', true, '2023-11-04 16:15:30'),
    ('00000000-0000-0000-user-000000000013', 'user13', 'user13@example.com', '{bcrypt}$2a$10$bbE3qCErjDczpwbvOqNTQ.Uvm4/07shdE7zZodaddDX6dbmfD6uSS', 'Matthew Brown', 'default_avatar.png', true, '2023-11-04 16:30:45'),
    ('00000000-0000-0000-user-000000000014', 'user14', 'user14@example.com', '{bcrypt}$2a$10$bbE3qCErjDczpwbvOqNTQ.Uvm4/07shdE7zZodaddDX6dbmfD6uSS', 'Amanda Williams', 'default_avatar.png', true, '2023-11-04 16:45:00'),
    ('00000000-0000-0000-user-000000000015', 'user15', 'user15@example.com', '{bcrypt}$2a$10$bbE3qCErjDczpwbvOqNTQ.Uvm4/07shdE7zZodaddDX6dbmfD6uSS', 'Jason Lee', 'default_avatar.png', true, '2023-11-04 17:00:15'),
    ('00000000-0000-0000-user-000000000016', 'user16', 'user16@example.com', '{bcrypt}$2a$10$bbE3qCErjDczpwbvOqNTQ.Uvm4/07shdE7zZodaddDX6dbmfD6uSS', 'Emily Taylor', 'default_avatar.png', true, '2023-11-04 17:15:30'),
    ('00000000-0000-0000-user-000000000017', 'user17', 'user17@example.com', '{bcrypt}$2a$10$bbE3qCErjDczpwbvOqNTQ.Uvm4/07shdE7zZodaddDX6dbmfD6uSS', 'Daniel Smith', 'default_avatar.png', true, '2023-11-04 17:30:45'),
    ('00000000-0000-0000-user-000000000018', 'user18', 'user18@example.com', '{bcrypt}$2a$10$bbE3qCErjDczpwbvOqNTQ.Uvm4/07shdE7zZodaddDX6dbmfD6uSS', 'Olivia Davis', 'default_avatar.png', true, '2023-11-04 17:45:00'),
    ('00000000-0000-0000-user-000000000019', 'user19', 'user19@example.com', '{bcrypt}$2a$10$bbE3qCErjDczpwbvOqNTQ.Uvm4/07shdE7zZodaddDX6dbmfD6uSS', 'Ryan Johnson', 'default_avatar.png', true, '2023-11-04 18:00:15'),
    ('00000000-0000-0000-user-000000000020', 'user20', 'user20@example.com', '{bcrypt}$2a$10$bbE3qCErjDczpwbvOqNTQ.Uvm4/07shdE7zZodaddDX6dbmfD6uSS', 'Alex Johnson', 'default_avatar.png', false, '2023-11-04 16:30:45');



INSERT INTO web_resource (id, parent_id, url, icon_file_name, resource_type, creation_date, update_date)
VALUES
    ('00000000-0000-0000-0001-0webresource', NULL, 'https://www.google.com', 'google-icon.png', 'SITE', '2022-10-25 22:13:37', NULL),
    ('00000000-0000-0000-0002-0webresource', '00000000-0000-0000-0001-0webresource', 'https://www.google.com', NULL, 'PAGE', '2022-10-26 22:13:37', NULL),
    ('00000000-0000-0000-0003-0webresource', NULL, 'https://github.com', 'default_site_icon.png', 'SITE', '2022-10-25 22:13:37', NULL),
    ('00000000-0000-0000-0004-0webresource', '00000000-0000-0000-0003-0webresource', 'https://github.com/POSTAL5532?tab=repositories', NULL, 'PAGE', '2022-10-25 22:13:37', NULL),
    ('00000005-0000-0000-0005-0webresource', '00000000-0000-0000-0003-0webresource', 'https://github.com/POSTAL5532?tab=projects', NULL, 'PAGE', '2022-10-26 22:13:37', NULL);


INSERT INTO reviews (id, user_id, resource_id, rating, text, creation_date)
VALUES
    ('00000000-0000-0000-0001-000000review',
     '00000000-0000-0000-user-000000000001',
     '00000000-0000-0000-0001-0webresource',
     4, 'User 1 said for google.com site: Lorem ipsum dolor sit amet, consectetur adipiscing elit. Sed do eiusmod tempor incididunt ut labore et dolore magna aliqua.',
     '2023-11-04 12:34:56'),

    ('00000000-0000-0000-0002-000000review',
     '00000000-0000-0000-user-000000000002',
     '00000000-0000-0000-0001-0webresource',
     3, 'User 2 said for google.com site: Lorem ipsum dolor sit amet.',
     '2023-11-15 12:45:00'),

    ('00000000-0000-0000-0003-000000review',
     '00000000-0000-0000-user-000000000003',
     '00000000-0000-0000-0001-0webresource',
     5, 'User 3 said for google.com site: Lorem ipsum dolor sit amet, consectetur adipiscing elit. Sed do eiusmod tempor incididunt ut labore et dolore magna aliqua.',
     '2023-11-06 13:00:15'),

    ('00000000-0000-0000-0004-000000review',
     '00000000-0000-0000-user-000000000004',
     '00000000-0000-0000-0001-0webresource',
     2, 'User 4 said for google.com site: Lorem ipsum dolor sit amet.',
     '2023-11-27 14:15:30'),

    ('00000000-0000-0000-0005-000000review',
     '00000000-0000-0000-user-000000000005',
     '00000000-0000-0000-0001-0webresource',
     1, 'User 5 said for google.com site: Lorem ipsum dolor sit amet, consectetur adipiscing elit. Sed do eiusmod tempor incididunt ut labore et dolore magna aliqua.',
     '2023-11-14 14:30:45'),

    ('00000000-0000-0000-0006-000000review',
     '00000000-0000-0000-user-000000000006',
     '00000000-0000-0000-0001-0webresource',
     4, 'User 6 said for google.com site: Lorem ipsum dolor sit amet.',
     '2023-11-07 12:34:56'),

    ('00000000-0000-0000-0007-000000review',
     '00000000-0000-0000-user-000000000007',
     '00000000-0000-0000-0001-0webresource',
     3, 'User 7 said for google.com site: Lorem ipsum dolor sit amet, consectetur adipiscing elit. Sed do eiusmod tempor incididunt ut labore et dolore magna aliqua.',
     '2023-11-08 12:45:00'),

    ('00000000-0000-0000-0008-000000review',
     '00000000-0000-0000-user-000000000008',
     '00000000-0000-0000-0001-0webresource',
     5, 'User 8 said for google.com site: Lorem ipsum dolor sit amet, consectetur adipiscing elit. Sed do eiusmod tempor incididunt ut labore et dolore magna aliqua.',
     '2023-11-24 13:00:15'),

    ('00000000-0000-0000-0009-000000review',
     '00000000-0000-0000-user-000000000009',
     '00000000-0000-0000-0001-0webresource',
     2, 'User 9 said for google.com site: Lorem ipsum dolor sit amet.',
     '2023-11-21 14:15:30'),

    ('00000000-0000-0000-0010-000000review',
     '00000000-0000-0000-user-000000000010',
     '00000000-0000-0000-0001-0webresource',
     1, 'User 10 said for google.com site: Lorem ipsum dolor sit amet, consectetur adipiscing elit. Sed do eiusmod tempor incididunt ut labore et dolore magna aliqua.',
     '2023-11-22 14:30:45'),

    ('00000000-0000-0000-0011-000000review',
     '00000000-0000-0000-user-000000000001',
     '00000000-0000-0000-0002-0webresource',
     4, 'User 1 said for https://www.google.com page: Lorem ipsum dolor sit amet, consectetur adipiscing elit. Sed do eiusmod tempor incididunt ut labore et dolore magna aliqua.',
     '2023-11-05 12:34:56'),

    ('00000000-0000-0000-0012-000000review',
     '00000000-0000-0000-user-000000000002',
     '00000000-0000-0000-0002-0webresource',
     3, 'User 2 said for https://www.google.com page: Lorem ipsum dolor sit amet.',
     '2023-11-15 12:45:00'),

    ('00000000-0000-0000-0013-000000review',
     '00000000-0000-0000-user-000000000003',
     '00000000-0000-0000-0002-0webresource',
     5, 'User 3 said for https://www.google.com page: Lorem ipsum dolor sit amet, consectetur adipiscing elit. Sed do eiusmod tempor incididunt ut labore et dolore magna aliqua.',
     '2023-11-06 13:00:15'),

    ('00000000-0000-0000-0014-000000review',
     '00000000-0000-0000-user-000000000004',
     '00000000-0000-0000-0002-0webresource',
     2, 'User 4 said for https://www.google.com page: Lorem ipsum dolor sit amet.',
     '2023-11-27 14:15:30'),

    ('00000000-0000-0000-0015-000000review',
     '00000000-0000-0000-user-000000000005',
     '00000000-0000-0000-0002-0webresource',
     1, 'User 5 said for https://www.google.com page: Lorem ipsum dolor sit amet, consectetur adipiscing elit. Sed do eiusmod tempor incididunt ut labore et dolore magna aliqua.',
     '2023-11-14 14:30:45'),

    ('00000000-0000-0000-0016-000000review',
     '00000000-0000-0000-user-000000000006',
     '00000000-0000-0000-0002-0webresource',
     4, 'User 6 said for https://www.google.com page: Lorem ipsum dolor sit amet.',
     '2023-11-07 12:34:56'),

    ('00000000-0000-0000-0017-000000review',
     '00000000-0000-0000-user-000000000007',
     '00000000-0000-0000-0002-0webresource',
     3, 'User 7 said for https://www.google.com page: Lorem ipsum dolor sit amet, consectetur adipiscing elit. Sed do eiusmod tempor incididunt ut labore et dolore magna aliqua.',
     '2023-11-08 12:45:00'),

    ('00000000-0000-0000-0018-000000review',
     '00000000-0000-0000-user-000000000008',
     '00000000-0000-0000-0002-0webresource',
     5, 'User 8 said for https://www.google.com page: Lorem ipsum dolor sit amet, consectetur adipiscing elit. Sed do eiusmod tempor incididunt ut labore et dolore magna aliqua.',
     '2023-11-24 13:00:15'),

    ('00000000-0000-0000-0019-000000review',
     '00000000-0000-0000-user-000000000009',
     '00000000-0000-0000-0002-0webresource',
     2, 'User 9 said for https://www.google.com page: Lorem ipsum dolor sit amet.',
     '2023-11-21 14:15:30'),

    ('00000000-0000-0000-0020-000000review',
     '00000000-0000-0000-user-000000000010',
     '00000000-0000-0000-0002-0webresource',
     1, 'User 10 said for https://www.google.com page: Lorem ipsum dolor sit amet, consectetur adipiscing elit. Sed do eiusmod tempor incididunt ut labore et dolore magna aliqua.',
     '2023-11-22 14:30:45'),

    ('00000000-0000-0000-0021-000000review',
     '00000000-0000-0000-user-000000000001',
     '00000000-0000-0000-0003-0webresource',
     4, 'User 1 said for github.com site: Lorem ipsum dolor sit amet, consectetur adipiscing elit. Sed do eiusmod tempor incididunt ut labore et dolore magna aliqua.',
     '2023-11-06 12:34:56'),

    ('00000000-0000-0000-0022-000000review',
     '00000000-0000-0000-user-000000000002',
     '00000000-0000-0000-0003-0webresource',
     3, 'User 2 said for github.com site: Lorem ipsum dolor sit amet.',
     '2023-11-15 12:45:00'),

    ('00000000-0000-0000-0023-000000review',
     '00000000-0000-0000-user-000000000003',
     '00000000-0000-0000-0003-0webresource',
     5, 'User 3 said for github.com site: Lorem ipsum dolor sit amet, consectetur adipiscing elit. Sed do eiusmod tempor incididunt ut labore et dolore magna aliqua.',
     '2023-11-06 13:00:15'),

    ('00000000-0000-0000-0024-000000review',
     '00000000-0000-0000-user-000000000004',
     '00000000-0000-0000-0003-0webresource',
     2, 'User 4 said for github.com site: Lorem ipsum dolor sit amet.',
     '2023-11-27 14:15:30'),

    ('00000000-0000-0000-0025-000000review',
     '00000000-0000-0000-user-000000000005',
     '00000000-0000-0000-0003-0webresource',
     1, 'User 5 said for github.com site: Lorem ipsum dolor sit amet, consectetur adipiscing elit. Sed do eiusmod tempor incididunt ut labore et dolore magna aliqua.',
     '2023-11-14 14:30:45'),

    ('00000000-0000-0000-0026-000000review',
     '00000000-0000-0000-user-000000000006',
     '00000000-0000-0000-0003-0webresource',
     4, 'User 6 said for github.com site: Lorem ipsum dolor sit amet.',
     '2023-11-07 12:34:56'),

    ('00000000-0000-0000-0027-000000review',
     '00000000-0000-0000-user-000000000007',
     '00000000-0000-0000-0003-0webresource',
     3, 'User 7 said for github.com site: Lorem ipsum dolor sit amet, consectetur adipiscing elit. Sed do eiusmod tempor incididunt ut labore et dolore magna aliqua.',
     '2023-11-08 12:45:00'),

    ('00000000-0000-0000-0028-000000review',
     '00000000-0000-0000-user-000000000008',
     '00000000-0000-0000-0003-0webresource',
     5, 'User 8 said for github.com site: Lorem ipsum dolor sit amet, consectetur adipiscing elit. Sed do eiusmod tempor incididunt ut labore et dolore magna aliqua.',
     '2023-11-24 13:00:15'),

    ('00000000-0000-0000-0029-000000review',
     '00000000-0000-0000-user-000000000009',
     '00000000-0000-0000-0003-0webresource',
     2, 'User 9 said for github.com site: Lorem ipsum dolor sit amet.',
     '2023-11-21 14:15:30'),

    ('00000000-0000-0000-0030-000000review',
     '00000000-0000-0000-user-000000000010',
     '00000000-0000-0000-0003-0webresource',
     1, 'User 10 said for github.com site: Lorem ipsum dolor sit amet, consectetur adipiscing elit. Sed do eiusmod tempor incididunt ut labore et dolore magna aliqua.',
     '2023-11-22 14:30:45'),

    ('00000000-0000-0000-0031-000000review',
     '00000000-0000-0000-user-000000000001',
     '00000000-0000-0000-0004-0webresource',
     4, 'User 1 said for https://github.com/POSTAL5532?tab=repositories page: Lorem ipsum dolor sit amet, consectetur adipiscing elit. Sed do eiusmod tempor incididunt ut labore et dolore magna aliqua.',
     '2023-11-07 12:34:56'),

    ('00000000-0000-0000-0032-000000review',
     '00000000-0000-0000-user-000000000002',
     '00000000-0000-0000-0004-0webresource',
     3, 'User 2 said for https://github.com/POSTAL5532?tab=repositories page: Lorem ipsum dolor sit amet.',
     '2023-11-15 12:45:00'),

    ('00000000-0000-0000-0033-000000review',
     '00000000-0000-0000-user-000000000003',
     '00000000-0000-0000-0004-0webresource',
     5, 'User 3 said for https://github.com/POSTAL5532?tab=repositories page: Lorem ipsum dolor sit amet, consectetur adipiscing elit. Sed do eiusmod tempor incididunt ut labore et dolore magna aliqua.',
     '2023-11-06 13:00:15'),

    ('00000000-0000-0000-0034-000000review',
     '00000000-0000-0000-user-000000000004',
     '00000000-0000-0000-0004-0webresource',
     2, 'User 4 said for https://github.com/POSTAL5532?tab=repositories page: Lorem ipsum dolor sit amet.',
     '2023-11-27 14:15:30'),

    ('00000000-0000-0000-0035-000000review',
     '00000000-0000-0000-user-000000000005',
     '00000000-0000-0000-0004-0webresource',
     1, 'User 5 said for https://github.com/POSTAL5532?tab=repositories page: Lorem ipsum dolor sit amet, consectetur adipiscing elit. Sed do eiusmod tempor incididunt ut labore et dolore magna aliqua.',
     '2023-11-14 14:30:45'),

    ('00000000-0000-0000-0036-000000review',
     '00000000-0000-0000-user-000000000006',
     '00000000-0000-0000-0004-0webresource',
     4, 'User 6 said for https://github.com/POSTAL5532?tab=repositories page: Lorem ipsum dolor sit amet.',
     '2023-11-07 12:34:56'),

    ('00000000-0000-0000-0037-000000review',
     '00000000-0000-0000-user-000000000007',
     '00000000-0000-0000-0004-0webresource',
     3, 'User 7 said for https://github.com/POSTAL5532?tab=repositories page: Lorem ipsum dolor sit amet, consectetur adipiscing elit. Sed do eiusmod tempor incididunt ut labore et dolore magna aliqua.',
     '2023-11-08 12:45:00'),

    ('00000000-0000-0000-0038-000000review',
     '00000000-0000-0000-user-000000000008',
     '00000000-0000-0000-0004-0webresource',
     5, 'User 8 said for https://github.com/POSTAL5532?tab=repositories page: Lorem ipsum dolor sit amet, consectetur adipiscing elit. Sed do eiusmod tempor incididunt ut labore et dolore magna aliqua.',
     '2023-11-24 13:00:15'),

    ('00000000-0000-0000-0039-000000review',
     '00000000-0000-0000-user-000000000009',
     '00000000-0000-0000-0004-0webresource',
     2, 'User 9 said for https://github.com/POSTAL5532?tab=repositories page: Lorem ipsum dolor sit amet.',
     '2023-11-21 14:15:30'),

    ('00000000-0000-0000-0040-000000review',
     '00000000-0000-0000-user-000000000010',
     '00000000-0000-0000-0004-0webresource',
     1, 'User 10 said for https://github.com/POSTAL5532?tab=repositories page: Lorem ipsum dolor sit amet, consectetur adipiscing elit. Sed do eiusmod tempor incididunt ut labore et dolore magna aliqua.',
     '2023-11-22 14:30:45');





INSERT INTO reviews_likes (id, user_id, review_id, positive, creation_date)
VALUES
    ('00000000-0000-0000-like-000000000001', '00000000-0000-0000-user-000000000001', '00000000-0000-0000-0001-000000review', true, '2023-11-04 12:34:56'),
    ('00000000-0000-0000-like-000000000002', '00000000-0000-0000-user-000000000002', '00000000-0000-0000-0001-000000review', false, '2023-11-04 12:45:00'),
    ('00000000-0000-0000-like-000000000003', '00000000-0000-0000-user-000000000003', '00000000-0000-0000-0001-000000review', true, '2023-11-04 13:00:15'),
    ('00000000-0000-0000-like-000000000004', '00000000-0000-0000-user-000000000004', '00000000-0000-0000-0001-000000review', false, '2023-11-04 14:15:30'),
    ('00000000-0000-0000-like-000000000005', '00000000-0000-0000-user-000000000005', '00000000-0000-0000-0001-000000review', true, '2023-11-04 14:30:45'),
    ('00000000-0000-0000-like-000000000006', '00000000-0000-0000-user-000000000006', '00000000-0000-0000-0001-000000review', false, '2023-11-04 12:34:56'),
    ('00000000-0000-0000-like-000000000007', '00000000-0000-0000-user-000000000007', '00000000-0000-0000-0001-000000review', true, '2023-11-04 12:45:00'),
    ('00000000-0000-0000-like-000000000008', '00000000-0000-0000-user-000000000008', '00000000-0000-0000-0001-000000review', false, '2023-11-04 13:00:15'),
    ('00000000-0000-0000-like-000000000009', '00000000-0000-0000-user-000000000009', '00000000-0000-0000-0001-000000review', true, '2023-11-04 14:15:30'),
    ('00000000-0000-0000-like-000000000010', '00000000-0000-0000-user-000000000010', '00000000-0000-0000-0001-000000review', false, '2023-11-04 14:30:45'),

    ('00000000-0000-0000-like-000000000011', '00000000-0000-0000-user-000000000001', '00000000-0000-0000-0002-000000review', true, '2023-11-04 12:34:56'),
    ('00000000-0000-0000-like-000000000012', '00000000-0000-0000-user-000000000002', '00000000-0000-0000-0002-000000review', false, '2023-11-04 12:45:00'),
    ('00000000-0000-0000-like-000000000013', '00000000-0000-0000-user-000000000003', '00000000-0000-0000-0002-000000review', true, '2023-11-04 13:00:15'),
    ('00000000-0000-0000-like-000000000014', '00000000-0000-0000-user-000000000004', '00000000-0000-0000-0002-000000review', false, '2023-11-04 14:15:30'),
    ('00000000-0000-0000-like-000000000015', '00000000-0000-0000-user-000000000005', '00000000-0000-0000-0002-000000review', true, '2023-11-04 14:30:45'),
    ('00000000-0000-0000-like-000000000016', '00000000-0000-0000-user-000000000006', '00000000-0000-0000-0002-000000review', false, '2023-11-04 12:34:56'),
    ('00000000-0000-0000-like-000000000017', '00000000-0000-0000-user-000000000007', '00000000-0000-0000-0002-000000review', true, '2023-11-04 12:45:00'),
    ('00000000-0000-0000-like-000000000018', '00000000-0000-0000-user-000000000008', '00000000-0000-0000-0002-000000review', false, '2023-11-04 13:00:15'),
    ('00000000-0000-0000-like-000000000019', '00000000-0000-0000-user-000000000009', '00000000-0000-0000-0002-000000review', true, '2023-11-04 14:15:30'),

    ('00000000-0000-0000-like-000000000020', '00000000-0000-0000-user-000000000001', '00000000-0000-0000-0003-000000review', true, '2023-11-04 12:34:56'),
    ('00000000-0000-0000-like-000000000021', '00000000-0000-0000-user-000000000002', '00000000-0000-0000-0003-000000review', false, '2023-11-04 12:45:00'),
    ('00000000-0000-0000-like-000000000022', '00000000-0000-0000-user-000000000003', '00000000-0000-0000-0003-000000review', true, '2023-11-04 13:00:15'),
    ('00000000-0000-0000-like-000000000023', '00000000-0000-0000-user-000000000004', '00000000-0000-0000-0003-000000review', false, '2023-11-04 14:15:30'),
    ('00000000-0000-0000-like-000000000024', '00000000-0000-0000-user-000000000005', '00000000-0000-0000-0003-000000review', true, '2023-11-04 14:30:45'),
    ('00000000-0000-0000-like-000000000025', '00000000-0000-0000-user-000000000006', '00000000-0000-0000-0003-000000review', false, '2023-11-04 12:34:56'),
    ('00000000-0000-0000-like-000000000026', '00000000-0000-0000-user-000000000007', '00000000-0000-0000-0003-000000review', true, '2023-11-04 12:45:00'),
    ('00000000-0000-0000-like-000000000027', '00000000-0000-0000-user-000000000008', '00000000-0000-0000-0003-000000review', false, '2023-11-04 13:00:15'),

    ('00000000-0000-0000-like-000000000028', '00000000-0000-0000-user-000000000001', '00000000-0000-0000-0004-000000review', true, '2023-11-04 12:34:56'),
    ('00000000-0000-0000-like-000000000029', '00000000-0000-0000-user-000000000002', '00000000-0000-0000-0004-000000review', false, '2023-11-04 12:45:00'),
    ('00000000-0000-0000-like-000000000030', '00000000-0000-0000-user-000000000003', '00000000-0000-0000-0004-000000review', true, '2023-11-04 13:00:15'),
    ('00000000-0000-0000-like-000000000031', '00000000-0000-0000-user-000000000004', '00000000-0000-0000-0004-000000review', false, '2023-11-04 14:15:30'),
    ('00000000-0000-0000-like-000000000032', '00000000-0000-0000-user-000000000005', '00000000-0000-0000-0004-000000review', true, '2023-11-04 14:30:45'),
    ('00000000-0000-0000-like-000000000033', '00000000-0000-0000-user-000000000006', '00000000-0000-0000-0004-000000review', false, '2023-11-04 12:34:56'),
    ('00000000-0000-0000-like-000000000034', '00000000-0000-0000-user-000000000007', '00000000-0000-0000-0004-000000review', true, '2023-11-04 12:45:00'),

    ('00000000-0000-0000-like-000000000035', '00000000-0000-0000-user-000000000001', '00000000-0000-0000-0005-000000review', true, '2023-11-04 12:34:56'),
    ('00000000-0000-0000-like-000000000036', '00000000-0000-0000-user-000000000002', '00000000-0000-0000-0005-000000review', false, '2023-11-04 12:45:00'),
    ('00000000-0000-0000-like-000000000037', '00000000-0000-0000-user-000000000003', '00000000-0000-0000-0005-000000review', true, '2023-11-04 13:00:15'),
    ('00000000-0000-0000-like-000000000038', '00000000-0000-0000-user-000000000004', '00000000-0000-0000-0005-000000review', false, '2023-11-04 14:15:30'),
    ('00000000-0000-0000-like-000000000039', '00000000-0000-0000-user-000000000005', '00000000-0000-0000-0005-000000review', true, '2023-11-04 14:30:45'),
    ('00000000-0000-0000-like-000000000040', '00000000-0000-0000-user-000000000006', '00000000-0000-0000-0005-000000review', false, '2023-11-04 12:34:56'),

    ('00000000-0000-0000-like-000000000041', '00000000-0000-0000-user-000000000001', '00000000-0000-0000-0006-000000review', true, '2023-11-04 12:34:56'),
    ('00000000-0000-0000-like-000000000042', '00000000-0000-0000-user-000000000002', '00000000-0000-0000-0006-000000review', false, '2023-11-04 12:45:00'),
    ('00000000-0000-0000-like-000000000043', '00000000-0000-0000-user-000000000003', '00000000-0000-0000-0006-000000review', true, '2023-11-04 13:00:15'),
    ('00000000-0000-0000-like-000000000044', '00000000-0000-0000-user-000000000004', '00000000-0000-0000-0006-000000review', false, '2023-11-04 14:15:30'),
    ('00000000-0000-0000-like-000000000045', '00000000-0000-0000-user-000000000005', '00000000-0000-0000-0006-000000review', true, '2023-11-04 14:30:45'),

    ('00000000-0000-0000-like-000000000046', '00000000-0000-0000-user-000000000001', '00000000-0000-0000-0007-000000review', true, '2023-11-04 12:34:56'),
    ('00000000-0000-0000-like-000000000047', '00000000-0000-0000-user-000000000002', '00000000-0000-0000-0007-000000review', false, '2023-11-04 12:45:00'),
    ('00000000-0000-0000-like-000000000048', '00000000-0000-0000-user-000000000003', '00000000-0000-0000-0007-000000review', true, '2023-11-04 13:00:15'),
    ('00000000-0000-0000-like-000000000049', '00000000-0000-0000-user-000000000004', '00000000-0000-0000-0007-000000review', false, '2023-11-04 14:15:30'),

    ('00000000-0000-0000-like-000000000050', '00000000-0000-0000-user-000000000001', '00000000-0000-0000-0008-000000review', true, '2023-11-04 12:34:56'),
    ('00000000-0000-0000-like-000000000051', '00000000-0000-0000-user-000000000002', '00000000-0000-0000-0008-000000review', false, '2023-11-04 12:45:00'),
    ('00000000-0000-0000-like-000000000052', '00000000-0000-0000-user-000000000003', '00000000-0000-0000-0008-000000review', true, '2023-11-04 13:00:15'),

    ('00000000-0000-0000-like-000000000053', '00000000-0000-0000-user-000000000001', '00000000-0000-0000-0009-000000review', true, '2023-11-04 12:34:56'),
    ('00000000-0000-0000-like-000000000054', '00000000-0000-0000-user-000000000002', '00000000-0000-0000-0009-000000review', false, '2023-11-04 12:45:00'),

    ('00000000-0000-0000-like-000000000055', '00000000-0000-0000-user-000000000001', '00000000-0000-0000-0010-000000review', true, '2023-11-04 12:34:56'),

    ('00000000-0000-0000-like-000000000056', '00000000-0000-0000-user-000000000001', '00000000-0000-0000-0011-000000review', true, '2023-11-04 12:34:56'),
    ('00000000-0000-0000-like-000000000057', '00000000-0000-0000-user-000000000002', '00000000-0000-0000-0011-000000review', false, '2023-11-04 12:45:00'),

    ('00000000-0000-0000-like-000000000058', '00000000-0000-0000-user-000000000001', '00000000-0000-0000-0012-000000review', true, '2023-11-04 12:34:56'),
    ('00000000-0000-0000-like-000000000059', '00000000-0000-0000-user-000000000002', '00000000-0000-0000-0012-000000review', false, '2023-11-04 12:45:00'),
    ('00000000-0000-0000-like-000000000060', '00000000-0000-0000-user-000000000003', '00000000-0000-0000-0012-000000review', true, '2023-11-04 13:00:15'),

    ('00000000-0000-0000-like-000000000061', '00000000-0000-0000-user-000000000001', '00000000-0000-0000-0013-000000review', true, '2023-11-04 12:34:56'),
    ('00000000-0000-0000-like-000000000062', '00000000-0000-0000-user-000000000002', '00000000-0000-0000-0013-000000review', false, '2023-11-04 12:45:00'),
    ('00000000-0000-0000-like-000000000063', '00000000-0000-0000-user-000000000003', '00000000-0000-0000-0013-000000review', true, '2023-11-04 13:00:15'),
    ('00000000-0000-0000-like-000000000064', '00000000-0000-0000-user-000000000004', '00000000-0000-0000-0013-000000review', false, '2023-11-04 14:15:30'),

    ('00000000-0000-0000-like-000000000065', '00000000-0000-0000-user-000000000001', '00000000-0000-0000-0014-000000review', true, '2023-11-04 12:34:56'),
    ('00000000-0000-0000-like-000000000066', '00000000-0000-0000-user-000000000002', '00000000-0000-0000-0014-000000review', false, '2023-11-04 12:45:00'),
    ('00000000-0000-0000-like-000000000067', '00000000-0000-0000-user-000000000003', '00000000-0000-0000-0014-000000review', true, '2023-11-04 13:00:15'),
    ('00000000-0000-0000-like-000000000068', '00000000-0000-0000-user-000000000004', '00000000-0000-0000-0014-000000review', false, '2023-11-04 14:15:30'),
    ('00000000-0000-0000-like-000000000069', '00000000-0000-0000-user-000000000005', '00000000-0000-0000-0014-000000review', true, '2023-11-04 14:30:45'),

    ('00000000-0000-0000-like-000000000070', '00000000-0000-0000-user-000000000001', '00000000-0000-0000-0015-000000review', true, '2023-11-04 12:34:56'),
    ('00000000-0000-0000-like-000000000072', '00000000-0000-0000-user-000000000002', '00000000-0000-0000-0015-000000review', false, '2023-11-04 12:45:00'),
    ('00000000-0000-0000-like-000000000073', '00000000-0000-0000-user-000000000003', '00000000-0000-0000-0015-000000review', true, '2023-11-04 13:00:15'),
    ('00000000-0000-0000-like-000000000074', '00000000-0000-0000-user-000000000004', '00000000-0000-0000-0015-000000review', false, '2023-11-04 14:15:30'),
    ('00000000-0000-0000-like-000000000075', '00000000-0000-0000-user-000000000005', '00000000-0000-0000-0015-000000review', true, '2023-11-04 14:30:45'),
    ('00000000-0000-0000-like-000000000076', '00000000-0000-0000-user-000000000006', '00000000-0000-0000-0015-000000review', false, '2023-11-04 12:34:56'),

    ('00000000-0000-0000-like-000000000078', '00000000-0000-0000-user-000000000001', '00000000-0000-0000-0016-000000review', true, '2023-11-04 12:34:56'),
    ('00000000-0000-0000-like-000000000079', '00000000-0000-0000-user-000000000002', '00000000-0000-0000-0016-000000review', false, '2023-11-04 12:45:00'),
    ('00000000-0000-0000-like-000000000080', '00000000-0000-0000-user-000000000003', '00000000-0000-0000-0016-000000review', true, '2023-11-04 13:00:15'),
    ('00000000-0000-0000-like-000000000081', '00000000-0000-0000-user-000000000004', '00000000-0000-0000-0016-000000review', false, '2023-11-04 14:15:30'),
    ('00000000-0000-0000-like-000000000082', '00000000-0000-0000-user-000000000005', '00000000-0000-0000-0016-000000review', true, '2023-11-04 14:30:45'),
    ('00000000-0000-0000-like-000000000083', '00000000-0000-0000-user-000000000006', '00000000-0000-0000-0016-000000review', false, '2023-11-04 12:34:56'),
    ('00000000-0000-0000-like-000000000084', '00000000-0000-0000-user-000000000007', '00000000-0000-0000-0016-000000review', true, '2023-11-04 12:45:00'),

    ('00000000-0000-0000-like-000000000085', '00000000-0000-0000-user-000000000001', '00000000-0000-0000-0017-000000review', true, '2023-11-04 12:34:56'),
    ('00000000-0000-0000-like-000000000086', '00000000-0000-0000-user-000000000002', '00000000-0000-0000-0017-000000review', false, '2023-11-04 12:45:00'),
    ('00000000-0000-0000-like-000000000087', '00000000-0000-0000-user-000000000003', '00000000-0000-0000-0017-000000review', true, '2023-11-04 13:00:15'),
    ('00000000-0000-0000-like-000000000088', '00000000-0000-0000-user-000000000004', '00000000-0000-0000-0017-000000review', false, '2023-11-04 14:15:30'),
    ('00000000-0000-0000-like-000000000089', '00000000-0000-0000-user-000000000005', '00000000-0000-0000-0017-000000review', true, '2023-11-04 14:30:45'),
    ('00000000-0000-0000-like-000000000090', '00000000-0000-0000-user-000000000006', '00000000-0000-0000-0017-000000review', false, '2023-11-04 12:34:56'),
    ('00000000-0000-0000-like-000000000091', '00000000-0000-0000-user-000000000007', '00000000-0000-0000-0017-000000review', true, '2023-11-04 12:45:00'),
    ('00000000-0000-0000-like-000000000092', '00000000-0000-0000-user-000000000008', '00000000-0000-0000-0017-000000review', false, '2023-11-04 13:00:15'),

    ('00000000-0000-0000-like-000000000093', '00000000-0000-0000-user-000000000001', '00000000-0000-0000-0018-000000review', true, '2023-11-04 12:34:56'),
    ('00000000-0000-0000-like-000000000094', '00000000-0000-0000-user-000000000002', '00000000-0000-0000-0018-000000review', false, '2023-11-04 12:45:00'),
    ('00000000-0000-0000-like-000000000095', '00000000-0000-0000-user-000000000003', '00000000-0000-0000-0018-000000review', true, '2023-11-04 13:00:15'),
    ('00000000-0000-0000-like-000000000096', '00000000-0000-0000-user-000000000004', '00000000-0000-0000-0018-000000review', false, '2023-11-04 14:15:30'),
    ('00000000-0000-0000-like-000000000097', '00000000-0000-0000-user-000000000005', '00000000-0000-0000-0018-000000review', true, '2023-11-04 14:30:45'),
    ('00000000-0000-0000-like-000000000098', '00000000-0000-0000-user-000000000006', '00000000-0000-0000-0018-000000review', false, '2023-11-04 12:34:56'),
    ('00000000-0000-0000-like-000000000099', '00000000-0000-0000-user-000000000007', '00000000-0000-0000-0018-000000review', true, '2023-11-04 12:45:00'),
    ('00000000-0000-0000-like-000000000100', '00000000-0000-0000-user-000000000008', '00000000-0000-0000-0018-000000review', false, '2023-11-04 13:00:15'),
    ('00000000-0000-0000-like-000000000101', '00000000-0000-0000-user-000000000009', '00000000-0000-0000-0018-000000review', true, '2023-11-04 14:15:30'),

    ('00000000-0000-0000-like-000000000102', '00000000-0000-0000-user-000000000001', '00000000-0000-0000-0019-000000review', true, '2023-11-04 12:34:56'),
    ('00000000-0000-0000-like-000000000103', '00000000-0000-0000-user-000000000002', '00000000-0000-0000-0019-000000review', false, '2023-11-04 12:45:00'),
    ('00000000-0000-0000-like-000000000104', '00000000-0000-0000-user-000000000003', '00000000-0000-0000-0019-000000review', true, '2023-11-04 13:00:15'),
    ('00000000-0000-0000-like-000000000105', '00000000-0000-0000-user-000000000004', '00000000-0000-0000-0019-000000review', false, '2023-11-04 14:15:30'),
    ('00000000-0000-0000-like-000000000106', '00000000-0000-0000-user-000000000005', '00000000-0000-0000-0019-000000review', true, '2023-11-04 14:30:45'),
    ('00000000-0000-0000-like-000000000107', '00000000-0000-0000-user-000000000006', '00000000-0000-0000-0019-000000review', false, '2023-11-04 12:34:56'),
    ('00000000-0000-0000-like-000000000108', '00000000-0000-0000-user-000000000007', '00000000-0000-0000-0019-000000review', true, '2023-11-04 12:45:00'),
    ('00000000-0000-0000-like-000000000109', '00000000-0000-0000-user-000000000008', '00000000-0000-0000-0019-000000review', false, '2023-11-04 13:00:15'),
    ('00000000-0000-0000-like-000000000110', '00000000-0000-0000-user-000000000009', '00000000-0000-0000-0019-000000review', true, '2023-11-04 14:15:30'),
    ('00000000-0000-0000-like-000000000111', '00000000-0000-0000-user-000000000010', '00000000-0000-0000-0019-000000review', false, '2023-11-04 14:30:45');