INSERT INTO users (id, user_name, email, password, first_name, last_name, creation_date, update_date)
VALUES ('0d7bc62f-7381-4a7a-969c-12c510ac887e', 'testUser', 'testUser@email.em', 'qwerty123', 'Test', 'User',
        '2021-10-23 22:13:37', '2021-10-23 22:13:37'),
       ('0d7bc62f-7381-4a7a-969c-12c510ac888e', 'testUser1', 'testUser1@email.em', 'qwerty123', 'Test1', 'User',
        '2021-10-23 22:13:37', '2021-10-23 22:13:37'),
       ('0d7bc62f-7381-4a7a-969c-12c510ac889e', 'testUser2', 'testUser2@email.em', 'qwerty123', 'Test2', 'User',
        '2021-10-23 22:13:37', '2021-10-23 22:13:37'),
       ('0d7bc62f-7381-4a7a-969c-12c510ac890e', 'testUser3', 'testUser3@email.em', 'qwerty123', 'Test3', 'User',
        '2021-10-23 22:13:37', '2021-10-23 22:13:37'),
       ('0d7bc62f-7381-4a7a-969c-12c510ac891e', 'testUser4', 'testUser4@email.em', 'qwerty123', 'Test4', 'User',
        '2021-10-23 22:13:37', '2021-10-23 22:13:37'),
       ('0d7bc62f-7381-4a7a-969c-12c510ac892e', 'testUser5', 'testUser5@email.em', 'qwerty123', 'Test5', 'User',
        '2021-10-23 22:13:37', '2021-10-23 22:13:37'),
       ('0d7bc62f-7381-4a7a-969c-12c510ac893e', 'testUser6', 'testUser6@email.em', 'qwerty123', 'Test6', 'User',
        '2021-10-23 22:13:37', '2021-10-23 22:13:37'),
       ('0d7bc62f-7381-4a7a-969c-12c510ac894e', 'testUser7', 'testUser7@email.em', 'qwerty123', 'Test7', 'User',
        '2021-10-23 22:13:37', '2021-10-23 22:13:37'),
       ('0d7bc62f-7381-4a7a-969c-12c510ac895e', 'testUser8', 'testUser8@email.em', 'qwerty123', 'Test8', 'User',
        '2021-10-23 22:13:37', '2021-10-23 22:13:37'),
       ('0d7bc62f-7381-4a7a-969c-12c510ac896e', 'testUser9', 'testUser9@email.em', 'qwerty123', 'Test9', 'User',
        '2021-10-23 22:13:37', '2021-10-23 22:13:37'),
       ('0d7bc62f-7381-4a7a-969c-12c510ac897e', 'testUser10', 'testUser10@email.em', 'qwerty123', 'Test10', 'User',
        '2021-10-23 22:13:37', '2021-10-23 22:13:37'),
       ('0d7bc62f-7381-4a7a-969c-12c510ac898e', 'testUser11', 'testUser11@email.em', 'qwerty123', 'Test11', 'User',
        '2021-10-23 22:13:37', '2021-10-23 22:13:37');

INSERT INTO domains (id, domain, has_ssl, name, description, creation_date, update_date)
VALUES ('10b7a065-67e6-4a4d-9e43-23fe464fc017', 'gidonline.io', true, 'gidonline', 'Some description',
        '2022-10-25 22:13:37', NULL);

INSERT INTO pages (id, domain_id, url, name, description, creation_date, update_date)
VALUES ('10123065-67e6-4a4d-9e43-23fe464fc017',
        '10b7a065-67e6-4a4d-9e43-23fe464fc017',
        'https://gidonline.io/film/robot-po-imeni-chappi',
        'Робот по имени Чаппи - смотреть онлайн бесплатно в хорошем качестве',
        'Робот по имени Чаппи - смотреть онлайн бесплатно в хорошем качестве',
        '2022-10-25 22:13:37',
        NULL),
       ('10321065-67e6-4a4d-9e43-23fe464fc018',
        '10b7a065-67e6-4a4d-9e43-23fe464fc017',
        'https://gidonline.io/film/zapadnya-1999',
        'Западня - смотреть онлайн бесплатно в хорошем качестве',
        'Западня - смотреть онлайн бесплатно в хорошем качестве',
        '2022-10-25 23:15:37',
        NULL);

INSERT INTO reviews (id, user_id, resource_type, resource_id, review_id, rating, text, creation_date, update_date)
VALUES ('10123123-67e6-4a4d-9e43-23fe464fc018', '0d7bc62f-7381-4a7a-969c-12c510ac888e', 'PAGE',
        '10123065-67e6-4a4d-9e43-23fe464fc017', NULL, 4,
        'Lorem Ipsum is simply dummy text of the printing and typesetting industry.!',
        '2022-10-26 23:15:37', NULL),
       ('10123123-67e6-4a4d-9e43-23fe464fc019', '0d7bc62f-7381-4a7a-969c-12c510ac889e', 'PAGE',
        '10123065-67e6-4a4d-9e43-23fe464fc017', NULL, 1,
        'Lorem Ipsum has been the industry''s standard dummy text ever since the 1500s!',
        '2022-10-27 23:15:37', '2022-10-27 23:20:37'),
       ('10123123-67e6-4a4d-9e43-23fe464fc017', '0d7bc62f-7381-4a7a-969c-12c510ac887e', 'PAGE',
        '10123065-67e6-4a4d-9e43-23fe464fc017',
        NULL, 3, 'Woooooow!', '2022-10-25 23:15:37', NULL),
       ('10123123-67e6-4a4d-9e43-23fe464fc020', '0d7bc62f-7381-4a7a-969c-12c510ac890e', 'PAGE',
        '10123065-67e6-4a4d-9e43-23fe464fc017', NULL, 2,
        'when an unknown printer took a galley of type and scrambled it to make a type specimen book.!',
        '2022-10-28 23:15:37', NULL),
       ('10123123-67e6-4a4d-9e43-23fe464fc021', '0d7bc62f-7381-4a7a-969c-12c510ac891e', 'PAGE',
        '10123065-67e6-4a4d-9e43-23fe464fc017', NULL, 4,
        'It has survived not only five centuries, but also the leap into electronic!',
        '2022-10-29 23:15:37', NULL),
       ('10123123-67e6-4a4d-9e43-23fe464fc022', '0d7bc62f-7381-4a7a-969c-12c510ac892e', 'PAGE',
        '10123065-67e6-4a4d-9e43-23fe464fc017', NULL, 4,
        'typesetting, remaining essentially unchanged. It was popularised in the 1960s with!',
        '2022-10-30 23:15:37', '2022-10-30 23:17:37'),
       ('10123123-67e6-4a4d-9e43-23fe464fc023', '0d7bc62f-7381-4a7a-969c-12c510ac893e', 'PAGE',
        '10123065-67e6-4a4d-9e43-23fe464fc017', NULL, 3,
        'the release of Letraset sheets containing Lorem Ipsum passages, and more recently with desktop publishing!',
        '2022-11-01 23:15:37', NULL),
       ('10123123-67e6-4a4d-9e43-23fe464fc024', '0d7bc62f-7381-4a7a-969c-12c510ac894e', 'PAGE',
        '10123065-67e6-4a4d-9e43-23fe464fc017', NULL, 1,
        'software like Aldus PageMaker including versions of Lorem Ipsum.!',
        '2022-11-02 23:15:37', NULL),
       ('10123123-67e6-4a4d-9e43-23fe464fc025', '0d7bc62f-7381-4a7a-969c-12c510ac895e', 'PAGE',
        '10123065-67e6-4a4d-9e43-23fe464fc017', NULL, 3,
        'Contrary to popular belief, Lorem Ipsum is not simply random text. It has roots in a!',
        '2022-11-03 23:15:37', '2022-11-03 23:31:37'),
       ('10123123-67e6-4a4d-9e43-23fe464fc026', '0d7bc62f-7381-4a7a-969c-12c510ac896e', 'PAGE',
        '10123065-67e6-4a4d-9e43-23fe464fc017', NULL, 2,
        'piece of classical Latin literature from 45 BC, making it over 2000 years old.!',
        '2022-11-04 23:15:37', NULL),
       ('10123123-67e6-4a4d-9e43-23fe464fc027', '0d7bc62f-7381-4a7a-969c-12c510ac897e', 'PAGE',
        '10123065-67e6-4a4d-9e43-23fe464fc017', NULL, 4,
        'Richard McClintock, a Latin professor at Hampden-Sydney College in Virginia, looked up one of!',
        '2022-11-05 23:15:37', NULL),
       ('10123123-67e6-4a4d-9e43-23fe464fc028', '0d7bc62f-7381-4a7a-969c-12c510ac898e', 'PAGE',
        '10123065-67e6-4a4d-9e43-23fe464fc017', NULL, 4,
        'the more obscure Latin words, consectetur, from a Lorem Ipsum passage, and going through the cites of the!',
        '2022-11-06 23:15:37', NULL),
       ('10123123-67e6-4a4d-9e43-23fe464fc029', '0d7bc62f-7381-4a7a-969c-12c510ac898e', 'SITE',
        '10b7a065-67e6-4a4d-9e43-23fe464fc017', NULL, 4,
        'Sed ut perspiciatis unde omnis iste natus error sit voluptatem accusantium doloremque laudantium, totam rem!',
        '2022-11-06 23:15:37', NULL),
       ('10123123-67e6-4a4d-9e43-23fe464fc030', '0d7bc62f-7381-4a7a-969c-12c510ac897e', 'SITE',
        '10b7a065-67e6-4a4d-9e43-23fe464fc017', NULL, 4,
        'Nemo enim ipsam voluptatem quia voluptas sit aspernatur aut odit aut fugit, sed quia consequuntur magni dolores.',
        '2022-11-06 23:15:37', NULL);

INSERT INTO reviews_likes (id, user_id, review_id, positive, creation_date, update_date)
VALUES ('11123123-67e6-4a4d-9e43-23fe464fc026', '0d7bc62f-7381-4a7a-969c-12c510ac887e',
        '10123123-67e6-4a4d-9e43-23fe464fc018', true, '2022-11-03 23:15:37', '2022-11-03 23:31:37'),
       ('12123123-67e6-4a4d-9e43-23fe464fc026', '0d7bc62f-7381-4a7a-969c-12c510ac888e',
        '10123123-67e6-4a4d-9e43-23fe464fc018', true, '2022-11-03 23:15:37', '2022-11-03 23:31:37'),
       ('13123123-67e6-4a4d-9e43-23fe464fc026', '0d7bc62f-7381-4a7a-969c-12c510ac889e',
        '10123123-67e6-4a4d-9e43-23fe464fc018', false, '2022-11-03 23:15:37', '2022-11-03 23:31:37'),
       ('14123123-67e6-4a4d-9e43-23fe464fc026', '0d7bc62f-7381-4a7a-969c-12c510ac889e',
        '10123123-67e6-4a4d-9e43-23fe464fc019', false, '2022-11-03 23:15:37', '2022-11-03 23:31:37');
